Trace,Exp,Core_0_IPC,Core_0_LLC_total_miss,Core_0_LLC_load_miss,Core_0_LLC_RFO_miss,Core_0_LLC_writeback_miss,Filter
gap-bc-0.trace.gz,nopref,0.12169,2563128,2062973,26797,473358,1
gap-bc-0.trace.gz,spp,0.12328,2856039,2082296,25569,514760,1
gap-bc-0.trace.gz,bingo,0.119,15263820,1992001,28198,933324,1
gap-bc-0.trace.gz,mlop,0.1228,4259669,2118975,27155,629608,1
gap-bc-0.trace.gz,pythia,0.13044,4909880,1929010,28125,647038,1
gap-bc-3.trace.gz,nopref,0.14529,2295581,1867208,25920,402453,1
gap-bc-3.trace.gz,spp,0.1482,2626774,1890482,24965,440584,1
gap-bc-3.trace.gz,bingo,0.13387,14342850,2044216,28485,772258,1
gap-bc-3.trace.gz,mlop,0.14608,4318010,1958938,26043,523149,1
gap-bc-3.trace.gz,pythia,0.15492,4204958,1770531,28288,498086,1
gap-bc-5.trace.gz,nopref,0.17598,2379832,2060632,25674,293526,1
gap-bc-5.trace.gz,spp,0.17726,2625919,2073239,23926,318244,1
gap-bc-5.trace.gz,bingo,0.14449,14294543,2020673,26257,953857,1
gap-bc-5.trace.gz,mlop,0.17325,3527567,2090696,25288,435836,1
gap-bc-5.trace.gz,pythia,0.17799,4931240,1937027,26384,633278,1
gap-bc-12.trace.gz,nopref,0.11267,2523329,2078076,25783,419470,1
gap-bc-12.trace.gz,spp,0.11357,2775945,2097472,24150,461459,1
gap-bc-12.trace.gz,bingo,0.10695,16542556,2111023,26777,1043774,1
gap-bc-12.trace.gz,mlop,0.11295,3859149,2134557,26011,583464,1
gap-bc-12.trace.gz,pythia,0.11795,5006232,2009400,26796,638293,1
gap-bfs-3.trace.gz,nopref,0.16282,990991,897827,6687,86477,1
gap-bfs-3.trace.gz,spp,0.21128,1049554,399663,6759,4020,1
gap-bfs-3.trace.gz,bingo,0.26173,2317506,117849,6695,96038,1
gap-bfs-3.trace.gz,mlop,0.26618,2244479,103032,6685,7013,1
gap-bfs-3.trace.gz,pythia,0.25753,1491705,197419,6685,86236,1
gap-bfs-8.trace.gz,nopref,0.20465,953904,863586,16816,73502,1
gap-bfs-8.trace.gz,spp,0.26204,1050303,433119,16875,8072,1
gap-bfs-8.trace.gz,bingo,0.30105,2908516,216891,19202,95170,1
gap-bfs-8.trace.gz,mlop,0.30947,1955706,237700,16924,13433,1
gap-bfs-8.trace.gz,pythia,0.301,1401990,286360,16926,84465,1
gap-bfs-10.trace.gz,nopref,0.20858,766531,705083,6353,55095,1
gap-bfs-10.trace.gz,spp,0.26862,840126,326292,6340,4451,1
gap-bfs-10.trace.gz,bingo,0.32793,1640210,82197,6349,58954,1
gap-bfs-10.trace.gz,mlop,0.34084,1597981,69957,6326,5754,1
gap-bfs-10.trace.gz,pythia,0.33214,1162921,132947,6349,62824,1
gap-bfs-14.trace.gz,nopref,0.15492,1059309,965330,8267,85712,1
gap-bfs-14.trace.gz,spp,0.2049,1153624,349946,9967,3742,1
gap-bfs-14.trace.gz,bingo,0.24241,2345858,126880,10063,94012,1
gap-bfs-14.trace.gz,mlop,0.24532,2258976,112643,8300,7200,1
gap-bfs-14.trace.gz,pythia,0.23492,1480623,209933,9259,82928,1
gap-cc-5.trace.gz,nopref,0.21327,846710,846292,0,418,1
gap-cc-5.trace.gz,spp,0.22684,1166551,863187,0,562,1
gap-cc-5.trace.gz,bingo,0.17292,12613644,1380065,0,81373,1
gap-cc-5.trace.gz,mlop,0.2333,1070899,834904,0,609,1
gap-cc-5.trace.gz,pythia,0.23627,1841915,814468,0,1782,1
gap-cc-6.trace.gz,nopref,0.15458,935462,935055,0,407,1
gap-cc-6.trace.gz,spp,0.16098,1280331,951801,0,506,1
gap-cc-6.trace.gz,bingo,0.1322,15504591,1509266,0,92073,1
gap-cc-6.trace.gz,mlop,0.16507,1182915,921051,0,662,1
gap-cc-6.trace.gz,pythia,0.16764,2109895,914621,0,491,1
gap-cc-13.trace.gz,nopref,0.16918,891301,890878,0,423,1
gap-cc-13.trace.gz,spp,0.17632,1245574,914133,0,669,1
gap-cc-13.trace.gz,bingo,0.14296,14528003,1437851,0,91029,1
gap-cc-13.trace.gz,mlop,0.18137,1128809,879146,0,711,1
gap-cc-13.trace.gz,pythia,0.18378,2046609,867436,0,2592,1
gap-cc-14.trace.gz,nopref,0.19117,862804,862403,0,401,1
gap-cc-14.trace.gz,spp,0.20111,1189173,881621,0,522,1
gap-cc-14.trace.gz,bingo,0.1578,13530911,1416477,0,87187,1
gap-cc-14.trace.gz,mlop,0.20695,1092641,850454,0,643,1
gap-cc-14.trace.gz,pythia,0.20949,1891082,836122,0,969,1
gap-pr-3.trace.gz,nopref,0.05955,2480746,2455781,8734,16231,1
gap-pr-3.trace.gz,spp,0.0541,3437936,2516647,8734,10351,1
gap-pr-3.trace.gz,bingo,0.0422,46824635,3423266,8734,14006,1
gap-pr-3.trace.gz,mlop,0.05427,3125952,2373348,8734,9911,1
gap-pr-3.trace.gz,pythia,0.05484,5758432,2302747,8734,15819,1
gap-pr-5.trace.gz,nopref,0.04884,3532629,3505643,8734,18252,1
gap-pr-5.trace.gz,spp,0.04663,4401479,3386956,8734,10393,1
gap-pr-5.trace.gz,bingo,0.03614,61080356,4456875,8734,11898,1
gap-pr-5.trace.gz,mlop,0.04678,4010368,3229497,8734,10000,1
gap-pr-5.trace.gz,pythia,0.04563,7906246,3422144,8734,14766,1
gap-pr-10.trace.gz,nopref,0.05621,2788213,2763993,8733,15487,1
gap-pr-10.trace.gz,spp,0.05144,3713146,2804244,8734,10305,1
gap-pr-10.trace.gz,bingo,0.04229,46797804,3481041,8734,13464,1
gap-pr-10.trace.gz,mlop,0.05159,3423284,2666640,8733,9923,1
gap-pr-10.trace.gz,pythia,0.05268,6455067,2579501,8733,14514,1
gap-pr-14.trace.gz,nopref,0.05552,2793483,2766352,8734,18397,1
gap-pr-14.trace.gz,spp,0.0516,3619397,2729996,8734,11249,1
gap-pr-14.trace.gz,bingo,0.03895,53277888,3915785,8734,16161,1
gap-pr-14.trace.gz,mlop,0.05174,3357652,2600241,8734,9941,1
gap-pr-14.trace.gz,pythia,0.05085,6502470,2710422,8734,18688,1
gap-sssp-3.trace.gz,nopref,0.25601,876591,787941,58593,30057,1
gap-sssp-3.trace.gz,spp,0.28487,1261619,765748,55289,35510,1
gap-sssp-3.trace.gz,bingo,0.28189,7064285,727674,69085,188898,1
gap-sssp-3.trace.gz,mlop,0.28806,1176196,751509,56403,32753,1
gap-sssp-3.trace.gz,pythia,0.318,1894314,571565,60751,64956,1
gap-sssp-5.trace.gz,nopref,0.25852,855685,776304,56805,22576,1
gap-sssp-5.trace.gz,spp,0.28659,1231494,754873,54007,29116,1
gap-sssp-5.trace.gz,bingo,0.27678,7396058,763948,68784,189726,1
gap-sssp-5.trace.gz,mlop,0.29138,1148835,736257,55642,25045,1
gap-sssp-5.trace.gz,pythia,0.3158,1845580,594809,59949,52040,1
gap-sssp-10.trace.gz,nopref,0.25694,871877,786595,59163,26119,1
gap-sssp-10.trace.gz,spp,0.28502,1238842,764687,55831,32811,1
gap-sssp-10.trace.gz,bingo,0.28324,7132431,729397,69249,187893,1
gap-sssp-10.trace.gz,mlop,0.28922,1164434,749618,57193,27390,1
gap-sssp-10.trace.gz,pythia,0.31696,1938518,589077,61436,68174,1
gap-sssp-14.trace.gz,nopref,0.25649,879029,786570,57588,34871,1
gap-sssp-14.trace.gz,spp,0.28638,1241249,755587,54536,33445,1
gap-sssp-14.trace.gz,bingo,0.28168,7104881,735347,68489,187357,1
gap-sssp-14.trace.gz,mlop,0.28891,1171150,745323,56644,38350,1
gap-sssp-14.trace.gz,pythia,0.31888,1865065,577461,59934,65531,1
spec06-410.bwaves-s0.trace.gz,nopref,0.57039,1167035,1108801,29189,29045,1
spec06-410.bwaves-s0.trace.gz,spp,1.09345,1167578,68547,29189,29131,1
spec06-410.bwaves-s0.trace.gz,bingo,0.97758,1166971,167509,29189,29034,1
spec06-410.bwaves-s0.trace.gz,mlop,1.14292,1148918,61235,29189,29058,1
spec06-410.bwaves-s0.trace.gz,pythia,1.15947,1167068,53083,29189,29046,1
spec06-410.bwaves-s1.trace.gz,nopref,0.57004,1167182,1108886,29189,29107,1
spec06-410.bwaves-s1.trace.gz,spp,1.09165,1167726,70598,29189,29196,1
spec06-410.bwaves-s1.trace.gz,bingo,0.97168,1167150,174486,29189,29121,1
spec06-410.bwaves-s1.trace.gz,mlop,1.14212,1150453,61756,29189,29117,1
spec06-410.bwaves-s1.trace.gz,pythia,1.15767,1167159,54470,29189,29111,1
spec06-410.bwaves-s2.trace.gz,nopref,0.93446,23591,2233,21358,0,1
spec06-410.bwaves-s2.trace.gz,spp,0.93981,23623,111,21358,0,1
spec06-410.bwaves-s2.trace.gz,bingo,0.93446,23591,2233,21358,0,1
spec06-410.bwaves-s2.trace.gz,mlop,0.94036,24091,53,21358,0,1
spec06-410.bwaves-s2.trace.gz,pythia,0.94062,23689,53,21358,0,1
spec06-429.mcf-s0.trace.gz,nopref,0.07145,3393275,3072778,36885,283612,1
spec06-429.mcf-s0.trace.gz,spp,0.0701,3682672,3164324,41936,273220,1
spec06-429.mcf-s0.trace.gz,bingo,0.05621,26191440,3373797,22162,259952,1
spec06-429.mcf-s0.trace.gz,mlop,0.08135,7296553,2498811,55365,382604,1
spec06-429.mcf-s0.trace.gz,pythia,0.08906,5143441,2091413,47030,201682,1
spec06-429.mcf-s1.trace.gz,nopref,0.05823,3488907,3433186,5802,49919,1
spec06-429.mcf-s1.trace.gz,spp,0.05803,3533078,3452242,6377,47687,1
spec06-429.mcf-s1.trace.gz,bingo,0.04097,32319105,4915221,4652,47745,1
spec06-429.mcf-s1.trace.gz,mlop,0.0864,6150933,1689300,9109,64867,1
spec06-429.mcf-s1.trace.gz,pythia,0.09483,5011806,1238572,7538,36679,1
spec06-429.mcf-s2.trace.gz,nopref,0.09124,3252343,2817278,46277,388788,1
spec06-429.mcf-s2.trace.gz,spp,0.08885,3574839,2906827,56744,370263,1
spec06-429.mcf-s2.trace.gz,bingo,0.07361,22116812,2782274,45285,445160,1
spec06-429.mcf-s2.trace.gz,mlop,0.09581,6798164,2532088,76393,520799,1
spec06-429.mcf-s2.trace.gz,pythia,0.10221,4659908,2281914,66558,277250,1
spec06-433.milc-s0.trace.gz,nopref,0.41543,1451316,1010566,67986,372764,1
spec06-433.milc-s0.trace.gz,spp,0.6065,1403897,361745,67985,136662,1
spec06-433.milc-s0.trace.gz,bingo,0.61678,1463267,236644,67985,386081,1
spec06-433.milc-s0.trace.gz,mlop,0.55985,3663321,276368,67986,278874,1
spec06-433.milc-s0.trace.gz,pythia,0.6315,1452050,292513,67986,372724,1
spec06-433.milc-s1.trace.gz,nopref,0.41958,1307319,904639,5,402675,1
spec06-433.milc-s1.trace.gz,spp,0.68007,1088857,265790,4,68767,1
spec06-433.milc-s1.trace.gz,bingo,0.66673,1316198,174342,5,411585,1
spec06-433.milc-s1.trace.gz,mlop,0.56117,4175744,267783,0,268666,1
spec06-433.milc-s1.trace.gz,pythia,0.60051,1313588,243230,5,402702,1
spec06-433.milc-s2.trace.gz,nopref,0.51069,866686,700799,0,165887,1
spec06-433.milc-s2.trace.gz,spp,0.8197,858389,232359,0,39012,1
spec06-433.milc-s2.trace.gz,bingo,0.91197,862335,212163,0,157094,1
spec06-433.milc-s2.trace.gz,mlop,0.71619,1169813,357147,0,154276,1
spec06-433.milc-s2.trace.gz,pythia,0.6713,1344345,367323,0,164796,1
spec06-437.leslie3d-s0.trace.gz,nopref,0.39063,1834149,1044989,434600,354560,1
spec06-437.leslie3d-s0.trace.gz,spp,0.81007,1846399,86830,433517,354915,1
spec06-437.leslie3d-s0.trace.gz,bingo,0.79993,1835766,101541,432486,352656,1
spec06-437.leslie3d-s0.trace.gz,mlop,0.79141,1794809,94864,430763,352459,1
spec06-437.leslie3d-s0.trace.gz,pythia,0.77487,1836189,34492,433384,353721,1
spec06-437.leslie3d-s1.trace.gz,nopref,0.44017,1558849,1031016,253528,274305,1
spec06-437.leslie3d-s1.trace.gz,spp,0.78738,1639266,92819,301269,212411,1
spec06-437.leslie3d-s1.trace.gz,bingo,0.8366,1538610,94751,253528,255522,1
spec06-437.leslie3d-s1.trace.gz,mlop,0.81647,1608380,88260,269612,251324,1
spec06-437.leslie3d-s1.trace.gz,pythia,0.80964,1561477,31260,253525,274323,1
spec06-437.leslie3d-s2.trace.gz,nopref,0.39246,1502604,937858,289733,275013,1
spec06-437.leslie3d-s2.trace.gz,spp,0.77061,1473819,98257,292152,221697,1
spec06-437.leslie3d-s2.trace.gz,bingo,0.76976,1510026,116902,289710,246821,1
spec06-437.leslie3d-s2.trace.gz,mlop,0.80298,1515547,65615,290770,226916,1
spec06-437.leslie3d-s2.trace.gz,pythia,0.74195,1481294,40596,289656,228853,1
spec06-450.soplex-s0.trace.gz,nopref,0.26374,1711088,1172100,313194,225794,1
spec06-450.soplex-s0.trace.gz,spp,0.30067,1979152,885848,314035,173322,1
spec06-450.soplex-s0.trace.gz,bingo,0.32124,3327823,484610,337409,236232,1
spec06-450.soplex-s0.trace.gz,mlop,0.30292,2632677,674800,324415,249985,1
spec06-450.soplex-s0.trace.gz,pythia,0.34335,2233932,454368,327056,258417,1
spec06-450.soplex-s1.trace.gz,nopref,0.27238,1754025,1277589,229354,247082,1
spec06-450.soplex-s1.trace.gz,spp,0.30919,2196171,1035271,235014,190997,1
spec06-450.soplex-s1.trace.gz,bingo,0.34691,3346690,481663,238636,263620,1
spec06-450.soplex-s1.trace.gz,mlop,0.31417,2968110,765389,238075,354590,1
spec06-450.soplex-s1.trace.gz,pythia,0.36669,2419956,486532,245714,349399,1
spec06-450.soplex-s2.trace.gz,nopref,0.29224,1355216,895112,256973,203131,1
spec06-450.soplex-s2.trace.gz,spp,0.32099,1649744,724060,269584,144975,1
spec06-450.soplex-s2.trace.gz,bingo,0.34238,2758662,430454,272224,226791,1
spec06-450.soplex-s2.trace.gz,mlop,0.32406,2286584,560016,270416,250048,1
spec06-450.soplex-s2.trace.gz,pythia,0.36527,1960041,348056,275125,284165,1
spec06-459.GemsFDTD-s0.trace.gz,nopref,0.39024,1413063,1038896,9574,364593,1
spec06-459.GemsFDTD-s0.trace.gz,spp,0.59303,1294052,332891,11784,122221,1
spec06-459.GemsFDTD-s0.trace.gz,bingo,0.58556,1524406,397338,11493,392277,1
spec06-459.GemsFDTD-s0.trace.gz,mlop,0.63021,1321452,292288,10540,133030,1
spec06-459.GemsFDTD-s0.trace.gz,pythia,0.58897,1694601,295845,13082,402991,1
spec06-459.GemsFDTD-s1.trace.gz,nopref,0.30614,2610751,1910268,0,700483,1
spec06-459.GemsFDTD-s1.trace.gz,spp,0.66625,2071308,150223,0,1496,1
spec06-459.GemsFDTD-s1.trace.gz,bingo,0.70103,2759219,138744,0,701203,1
spec06-459.GemsFDTD-s1.trace.gz,mlop,0.73554,2088915,53653,0,32627,1
spec06-459.GemsFDTD-s1.trace.gz,pythia,0.67987,2780410,40254,0,710489,1
spec06-459.GemsFDTD-s2.trace.gz,nopref,0.38762,820573,820476,0,97,1
spec06-459.GemsFDTD-s2.trace.gz,spp,0.42593,1116831,624849,0,360,1
spec06-459.GemsFDTD-s2.trace.gz,bingo,0.41337,898920,696298,0,603,1
spec06-459.GemsFDTD-s2.trace.gz,mlop,0.45932,1280778,446083,0,1577,1
spec06-459.GemsFDTD-s2.trace.gz,pythia,0.444,1052894,548875,0,89,1
spec06-462.libquantum-s0.trace.gz,nopref,0.25603,1993746,1516980,8,476758,1
spec06-462.libquantum-s0.trace.gz,spp,0.48667,1547852,98667,11,99,1
spec06-462.libquantum-s0.trace.gz,bingo,0.5178,2005512,72835,8,488484,1
spec06-462.libquantum-s0.trace.gz,mlop,0.51899,2007852,32931,8,490603,1
spec06-462.libquantum-s0.trace.gz,pythia,0.49053,1993778,51767,8,476759,1
spec06-462.libquantum-s1.trace.gz,nopref,0.24532,1784918,1343123,8,441787,1
spec06-462.libquantum-s1.trace.gz,spp,0.58446,1343515,66328,8,373,1
spec06-462.libquantum-s1.trace.gz,bingo,0.64795,1784972,49205,8,441787,1
spec06-462.libquantum-s1.trace.gz,mlop,0.67005,1785044,23274,8,441787,1
spec06-462.libquantum-s1.trace.gz,pythia,0.6313,1784932,46393,8,441787,1
spec06-462.libquantum-s2.trace.gz,nopref,0.46887,2152339,1578086,8,574245,1
spec06-462.libquantum-s2.trace.gz,spp,0.69056,1661478,250317,12,44018,1
spec06-462.libquantum-s2.trace.gz,bingo,0.78116,2177926,104012,8,600071,1
spec06-462.libquantum-s2.trace.gz,mlop,0.77324,2181350,55861,8,603637,1
spec06-462.libquantum-s2.trace.gz,pythia,0.69015,2152363,90640,8,574247,1
spec06-470.lbm-s0.trace.gz,nopref,0.47428,2475671,369989,1078338,1027344,1
spec06-470.lbm-s0.trace.gz,spp,0.63536,2536831,33522,1109629,1057207,1
spec06-470.lbm-s0.trace.gz,bingo,0.65518,2470724,15025,1077839,1022903,1
spec06-470.lbm-s0.trace.gz,mlop,0.63405,2529709,17441,1107310,1052378,1
spec06-470.lbm-s0.trace.gz,pythia,0.63281,2471868,24032,1077992,1023866,1
spec06-470.lbm-s1.trace.gz,nopref,0.4513,2677636,393433,1159435,1124768,1
spec06-470.lbm-s1.trace.gz,spp,0.59979,2717435,37216,1179922,1144009,1
spec06-470.lbm-s1.trace.gz,bingo,0.613,2672584,16469,1158974,1120191,1
spec06-470.lbm-s1.trace.gz,mlop,0.59828,2709857,18636,1177151,1139231,1
spec06-470.lbm-s1.trace.gz,pythia,0.59327,2673047,25697,1158956,1120653,1
spec06-471.omnetpp-s0.trace.gz,nopref,0.4644,179907,171615,5417,2875,1
spec06-471.omnetpp-s0.trace.gz,spp,0.47422,289888,173468,5218,2428,1
spec06-471.omnetpp-s0.trace.gz,bingo,0.46261,2231572,341174,5014,4613,1
spec06-471.omnetpp-s0.trace.gz,mlop,0.46816,631858,338483,5002,4413,1
spec06-471.omnetpp-s0.trace.gz,pythia,0.47456,661057,369387,4995,1946,1
spec06-471.omnetpp-s1.trace.gz,nopref,0.23606,978838,705841,116797,156200,1
spec06-471.omnetpp-s1.trace.gz,spp,0.24687,1088875,597117,120863,100354,1
spec06-471.omnetpp-s1.trace.gz,bingo,0.27337,1617160,382547,108976,128885,1
spec06-471.omnetpp-s1.trace.gz,mlop,0.24937,1548482,576513,93472,148533,1
spec06-471.omnetpp-s1.trace.gz,pythia,0.25567,1325560,496409,106388,175139,1
spec06-471.omnetpp-s2.trace.gz,nopref,0.35404,240509,230365,7047,3097,1
spec06-471.omnetpp-s2.trace.gz,spp,0.35951,760172,282129,11829,8797,1
spec06-471.omnetpp-s2.trace.gz,bingo,0.343,4466300,413584,6878,14943,1
spec06-471.omnetpp-s2.trace.gz,mlop,0.35467,824372,383947,12118,10953,1
spec06-471.omnetpp-s2.trace.gz,pythia,0.3629,849777,416787,8691,8271,1
spec06-473.astar-s0.trace.gz,nopref,0.49975,99122,52648,16004,30470,1
spec06-473.astar-s0.trace.gz,spp,0.50685,91569,36082,14457,12796,1
spec06-473.astar-s0.trace.gz,bingo,0.51086,204116,27088,23398,19159,1
spec06-473.astar-s0.trace.gz,mlop,0.50597,301288,36268,17804,18571,1
spec06-473.astar-s0.trace.gz,pythia,0.50791,125241,32337,19797,24631,1
spec06-473.astar-s1.trace.gz,nopref,0.21195,120319,118271,105,1943,1
spec06-473.astar-s1.trace.gz,spp,0.21767,145749,81704,80,2231,1
spec06-473.astar-s1.trace.gz,bingo,0.2236,256376,43970,93,3309,1
spec06-473.astar-s1.trace.gz,mlop,0.22046,211312,63037,85,3654,1
spec06-473.astar-s1.trace.gz,pythia,0.21912,146230,75028,50,1513,1
spec06-473.astar-s2.trace.gz,nopref,0.11372,2956205,1103880,787934,1064391,1
spec06-473.astar-s2.trace.gz,spp,0.11458,3334052,979074,903552,1101111,1
spec06-473.astar-s2.trace.gz,bingo,0.1277,5975495,659368,974731,1252891,1
spec06-473.astar-s2.trace.gz,mlop,0.12461,4118767,721597,950554,1312785,1
spec06-473.astar-s2.trace.gz,pythia,0.12727,3747576,691781,904133,1124545,1
spec06-482.sphinx3-s0.trace.gz,nopref,0.80591,267402,265706,1070,626,1
spec06-482.sphinx3-s0.trace.gz,spp,1.01918,603103,97685,39383,31080,1
spec06-482.sphinx3-s0.trace.gz,bingo,1.18121,422831,37074,2061,1529,1
spec06-482.sphinx3-s0.trace.gz,mlop,0.93819,345338,140491,16785,7424,1
spec06-482.sphinx3-s0.trace.gz,pythia,1.22768,393039,30134,1523,1032,1
spec06-482.sphinx3-s1.trace.gz,nopref,0.97222,171916,169295,2200,421,1
spec06-482.sphinx3-s1.trace.gz,spp,1.26691,362510,36537,35948,5062,1
spec06-482.sphinx3-s1.trace.gz,bingo,1.43569,262649,11402,1950,545,1
spec06-482.sphinx3-s1.trace.gz,mlop,1.08433,160167,94431,7535,1344,1
spec06-482.sphinx3-s1.trace.gz,pythia,1.45975,244825,7554,1891,649,1
spec06-482.sphinx3-s2.trace.gz,nopref,0.58017,420011,385628,17926,16457,1
spec06-482.sphinx3-s2.trace.gz,spp,0.71359,799864,216788,42390,38057,1
spec06-482.sphinx3-s2.trace.gz,bingo,0.78116,1065388,123356,31739,33840,1
spec06-482.sphinx3-s2.trace.gz,mlop,0.82846,1067961,111501,37932,38036,1
spec06-482.sphinx3-s2.trace.gz,pythia,0.85289,657340,99010,15112,14562,1
spec17-602.gcc-s0.trace.xz,nopref,0.23846,889553,887963,396,1194,1
spec17-602.gcc-s0.trace.xz,spp,0.35778,898901,29157,129,203,1
spec17-602.gcc-s0.trace.xz,bingo,0.37735,932083,32476,181,471,1
spec17-602.gcc-s0.trace.xz,mlop,0.38232,917260,16939,6,234,1
spec17-602.gcc-s0.trace.xz,pythia,0.37722,897504,19333,6,989,1
spec17-602.gcc-s1.trace.xz,nopref,0.10275,3478068,3474444,692,2932,1
spec17-602.gcc-s1.trace.xz,spp,0.27124,3583316,129421,768,2531,1
spec17-602.gcc-s1.trace.xz,bingo,0.33511,3736599,137640,933,4334,1
spec17-602.gcc-s1.trace.xz,mlop,0.35569,3736299,72651,21,3011,1
spec17-602.gcc-s1.trace.xz,pythia,0.31749,3571527,125024,25,2972,1
spec17-602.gcc-s2.trace.xz,nopref,0.36837,20958,8895,11721,342,1
spec17-602.gcc-s2.trace.xz,spp,0.36893,25635,7529,12020,516,1
spec17-602.gcc-s2.trace.xz,bingo,0.36972,32527,9674,12060,448,1
spec17-602.gcc-s2.trace.xz,mlop,0.36865,56075,7864,12014,296,1
spec17-602.gcc-s2.trace.xz,pythia,0.37359,39126,6133,12471,356,1
spec17-602.gcc-s3.trace.xz,nopref,0.36826,357764,356745,54,965,1
spec17-602.gcc-s3.trace.xz,spp,0.42876,423346,20805,60,1163,1
spec17-602.gcc-s3.trace.xz,bingo,0.433,422582,20740,54,1401,1
spec17-602.gcc-s3.trace.xz,mlop,0.43586,479340,12278,56,984,1
spec17-602.gcc-s3.trace.xz,pythia,0.43585,372561,12339,52,887,1
spec17-605.mcf-s0.trace.xz,nopref,0.26057,826647,826023,333,291,1
spec17-605.mcf-s0.trace.xz,spp,0.26475,965374,555240,724,467,1
spec17-605.mcf-s0.trace.xz,bingo,0.20603,5557914,566364,26126,24686,1
spec17-605.mcf-s0.trace.xz,mlop,0.27299,1000644,281823,872,265,1
spec17-605.mcf-s0.trace.xz,pythia,0.27399,1144530,259248,362,211,1
spec17-605.mcf-s1.trace.xz,nopref,0.18952,2157668,1386702,64758,706208,1
spec17-605.mcf-s1.trace.xz,spp,0.19127,1751778,1286068,26738,336380,1
spec17-605.mcf-s1.trace.xz,bingo,0.19221,1434167,1247543,4,93690,1
spec17-605.mcf-s1.trace.xz,mlop,0.19048,1404105,1281386,116,17315,1
spec17-605.mcf-s1.trace.xz,pythia,0.24867,1399202,304015,490,18922,1
spec17-605.mcf-s2.trace.xz,nopref,0.22898,1766694,1547321,152304,67069,1
spec17-605.mcf-s2.trace.xz,spp,0.26541,2792360,1713242,148779,66182,1
spec17-605.mcf-s2.trace.xz,bingo,0.34337,4886551,354570,148215,117620,1
spec17-605.mcf-s2.trace.xz,mlop,0.21423,2225912,1923472,149598,61081,1
spec17-605.mcf-s2.trace.xz,pythia,0.26945,5913340,1145716,147325,166589,1
spec17-605.mcf-s3.trace.xz,nopref,0.13174,6769496,1314010,2170398,3285088,1
spec17-605.mcf-s3.trace.xz,spp,0.15078,5643822,490719,2173577,2078490,1
spec17-605.mcf-s3.trace.xz,bingo,0.1595,5763834,76756,2175203,2104837,1
spec17-605.mcf-s3.trace.xz,mlop,0.15603,5645320,180765,2174303,2078445,1
spec17-605.mcf-s3.trace.xz,pythia,0.16281,6810505,144545,2170693,3278589,1
spec17-605.mcf-s4.trace.xz,nopref,0.23214,2389383,2089128,130326,169929,1
spec17-605.mcf-s4.trace.xz,spp,0.29947,2797987,1545511,126088,116680,1
spec17-605.mcf-s4.trace.xz,bingo,0.3996,3668128,307794,120988,140235,1
spec17-605.mcf-s4.trace.xz,mlop,0.26567,2906954,1429307,125317,160001,1
spec17-605.mcf-s4.trace.xz,pythia,0.34937,3855308,856267,120320,153847,1
spec17-605.mcf-s5.trace.xz,nopref,0.27897,1445697,1081492,107679,256526,1
spec17-605.mcf-s5.trace.xz,spp,0.39216,1399128,576550,101268,126119,1
spec17-605.mcf-s5.trace.xz,bingo,0.48852,1943268,137459,94544,132941,1
spec17-605.mcf-s5.trace.xz,mlop,0.39428,1806254,341473,103166,218217,1
spec17-605.mcf-s5.trace.xz,pythia,0.44037,1975721,361108,93063,248581,1
spec17-605.mcf-s6.trace.xz,nopref,0.27184,580117,579649,347,121,1
spec17-605.mcf-s6.trace.xz,spp,0.27963,676364,395887,581,179,1
spec17-605.mcf-s6.trace.xz,bingo,0.23224,4076355,414746,24680,20955,1
spec17-605.mcf-s6.trace.xz,mlop,0.28604,709408,240058,741,186,1
spec17-605.mcf-s6.trace.xz,pythia,0.27935,887696,292733,299,73,1
spec17-605.mcf-s7.trace.xz,nopref,0.18342,2973677,2969145,1061,3471,1
spec17-605.mcf-s7.trace.xz,spp,0.15854,3927169,2508848,1900,1640,1
spec17-605.mcf-s7.trace.xz,bingo,0.09681,23197069,2165702,14524,52916,1
spec17-605.mcf-s7.trace.xz,mlop,0.16713,4100884,1309034,2581,2728,1
spec17-605.mcf-s7.trace.xz,pythia,0.18536,4052735,1214224,1576,1560,1
spec17-605.mcf-s8.trace.xz,nopref,0.21534,888944,862707,351,25886,1
spec17-605.mcf-s8.trace.xz,spp,0.21983,1057646,831524,346,84,1
spec17-605.mcf-s8.trace.xz,bingo,0.19338,7884371,817333,1040,62062,1
spec17-605.mcf-s8.trace.xz,mlop,0.21798,1435783,816451,462,19754,1
spec17-605.mcf-s8.trace.xz,pythia,0.21803,1527471,747470,272,31536,1
spec17-607.cactuBSSN-s0.trace.xz,nopref,0.94506,178958,151968,24674,2316,1
spec17-607.cactuBSSN-s0.trace.xz,spp,1.09227,181237,22484,24671,3232,1
spec17-607.cactuBSSN-s0.trace.xz,bingo,0.97831,178670,136212,24675,1975,1
spec17-607.cactuBSSN-s0.trace.xz,mlop,1.14684,181642,3788,24669,2230,1
spec17-607.cactuBSSN-s0.trace.xz,pythia,1.14525,182421,4385,24669,2160,1
spec17-607.cactuBSSN-s1.trace.xz,nopref,0.97375,141834,107850,29317,4667,1
spec17-607.cactuBSSN-s1.trace.xz,spp,1.11046,143863,11179,29308,5904,1
spec17-607.cactuBSSN-s1.trace.xz,bingo,1.01276,141448,88877,29313,4244,1
spec17-607.cactuBSSN-s1.trace.xz,mlop,1.14607,142898,3114,29317,4746,1
spec17-607.cactuBSSN-s1.trace.xz,pythia,1.15087,143108,2805,29314,4142,1
spec17-607.cactuBSSN-s2.trace.xz,nopref,0.96052,134634,102547,29425,2662,1
spec17-607.cactuBSSN-s2.trace.xz,spp,1.09918,138711,8563,29425,6877,1
spec17-607.cactuBSSN-s2.trace.xz,bingo,0.99819,134267,87136,29425,2253,1
spec17-607.cactuBSSN-s2.trace.xz,mlop,1.12774,133965,2036,29425,2652,1
spec17-607.cactuBSSN-s2.trace.xz,pythia,1.12941,135570,1871,29425,2274,1
spec17-607.cactuBSSN-s3.trace.xz,nopref,1.40396,46672,46655,11,6,1
spec17-607.cactuBSSN-s3.trace.xz,spp,1.58249,46758,1390,10,6,1
spec17-607.cactuBSSN-s3.trace.xz,bingo,1.57516,46676,5677,11,6,1
spec17-607.cactuBSSN-s3.trace.xz,mlop,1.59863,48039,872,3,40,1
spec17-607.cactuBSSN-s3.trace.xz,pythia,1.59841,46971,941,3,2,1
spec17-619.lbm-s0.trace.xz,nopref,0.3642,2810270,507915,1525408,776947,1
spec17-619.lbm-s0.trace.xz,spp,0.43727,2814957,62316,1525551,781464,1
spec17-619.lbm-s0.trace.xz,bingo,0.44148,2810332,22669,1525264,777177,1
spec17-619.lbm-s0.trace.xz,mlop,0.44169,2809649,25070,1525303,776301,1
spec17-619.lbm-s0.trace.xz,pythia,0.43123,2811716,36188,1525288,778480,1
spec17-619.lbm-s1.trace.xz,nopref,0.31978,3247500,590344,1773589,883567,1
spec17-619.lbm-s1.trace.xz,spp,0.37651,3250037,75791,1773933,885710,1
spec17-619.lbm-s1.trace.xz,bingo,0.37998,3246362,27084,1773654,882373,1
spec17-619.lbm-s1.trace.xz,mlop,0.37957,3245796,29309,1773577,881753,1
spec17-619.lbm-s1.trace.xz,pythia,0.37158,3245854,42207,1773560,881887,1
spec17-619.lbm-s2.trace.xz,nopref,0.60851,1489030,269967,812529,406534,1
spec17-619.lbm-s2.trace.xz,spp,0.81695,1491101,23787,813139,408001,1
spec17-619.lbm-s2.trace.xz,bingo,0.83265,1487548,11440,812320,405267,1
spec17-619.lbm-s2.trace.xz,mlop,0.83492,1488493,12686,812508,405966,1
spec17-619.lbm-s2.trace.xz,pythia,0.80351,1487635,17445,812372,405299,1
spec17-619.lbm-s3.trace.xz,nopref,0.31968,3214378,590453,1773915,850010,1
spec17-619.lbm-s3.trace.xz,spp,0.37562,3215416,75410,1773977,850934,1
spec17-619.lbm-s3.trace.xz,bingo,0.37968,3212478,27020,1773858,848181,1
spec17-619.lbm-s3.trace.xz,mlop,0.37882,3212244,29314,1773800,847795,1
spec17-619.lbm-s3.trace.xz,pythia,0.37136,3213209,42256,1773882,848817,1
spec17-620.omnetpp-s0.trace.xz,nopref,0.22717,617270,458042,56810,102418,1
spec17-620.omnetpp-s0.trace.xz,spp,0.22799,657292,439113,56832,86619,1
spec17-620.omnetpp-s0.trace.xz,bingo,0.23719,1308740,276811,44385,66035,1
spec17-620.omnetpp-s0.trace.xz,mlop,0.23165,968385,377617,40160,84830,1
spec17-620.omnetpp-s0.trace.xz,pythia,0.23405,868976,345364,43357,94514,1
spec17-620.omnetpp-s1.trace.xz,nopref,0.23916,511906,412652,47719,51535,1
spec17-620.omnetpp-s1.trace.xz,spp,0.24035,564840,391487,49407,42383,1
spec17-620.omnetpp-s1.trace.xz,bingo,0.25035,1139568,243172,41879,40144,1
spec17-620.omnetpp-s1.trace.xz,mlop,0.24425,896793,332499,39373,51194,1
spec17-620.omnetpp-s1.trace.xz,pythia,0.24619,763995,311798,41122,54959,1
spec17-621.wrf-s0.trace.xz,nopref,0.57729,1203,457,746,0,1
spec17-621.wrf-s0.trace.xz,spp,0.57748,1323,186,742,0,1
spec17-621.wrf-s0.trace.xz,bingo,0.57729,1203,457,746,0,1
spec17-621.wrf-s0.trace.xz,mlop,0.57754,1820,81,717,0,1
spec17-621.wrf-s0.trace.xz,pythia,0.57752,1355,119,720,0,1
spec17-621.wrf-s1.trace.xz,nopref,0.4533,1009724,780359,156634,72731,1
spec17-621.wrf-s1.trace.xz,spp,0.94789,1038996,78286,156848,47466,1
spec17-621.wrf-s1.trace.xz,bingo,0.85987,1109540,147883,151113,171026,1
spec17-621.wrf-s1.trace.xz,mlop,0.86213,1110703,106580,151512,108149,1
spec17-621.wrf-s1.trace.xz,pythia,0.95436,1046907,43996,154953,77021,1
spec17-621.wrf-s2.trace.xz,nopref,0.89494,260786,167078,88099,5609,1
spec17-621.wrf-s2.trace.xz,spp,1.27963,328251,16572,99438,9707,1
spec17-621.wrf-s2.trace.xz,bingo,1.29032,293580,28815,89086,14571,1
spec17-621.wrf-s2.trace.xz,mlop,1.25522,318946,28849,94935,9473,1
spec17-621.wrf-s2.trace.xz,pythia,1.35612,273454,8284,89238,4887,1
spec17-621.wrf-s3.trace.xz,nopref,0.71567,10096,9984,112,0,1
spec17-621.wrf-s3.trace.xz,spp,0.72029,10564,472,99,0,1
spec17-621.wrf-s3.trace.xz,bingo,0.72091,10439,721,112,0,1
spec17-621.wrf-s3.trace.xz,mlop,0.72026,10605,204,58,0,1
spec17-621.wrf-s3.trace.xz,pythia,0.72193,10435,339,96,0,1
spec17-623.xalancbmk-s0.trace.xz,nopref,0.30844,587036,578713,6565,1758,1
spec17-623.xalancbmk-s0.trace.xz,spp,0.3069,816404,621433,7112,2208,1
spec17-623.xalancbmk-s0.trace.xz,bingo,0.30108,4475174,639766,7674,4845,1
spec17-623.xalancbmk-s0.trace.xz,mlop,0.29683,1415187,782960,6563,3518,1
spec17-623.xalancbmk-s0.trace.xz,pythia,0.32903,1126706,534851,6363,1604,1
spec17-623.xalancbmk-s1.trace.xz,nopref,0.70111,102649,102470,172,7,1
spec17-623.xalancbmk-s1.trace.xz,spp,0.67959,260564,188807,219,88,1
spec17-623.xalancbmk-s1.trace.xz,bingo,0.95733,159998,8884,72,103,1
spec17-623.xalancbmk-s1.trace.xz,mlop,0.91591,186848,23897,25,36,1
spec17-623.xalancbmk-s1.trace.xz,pythia,0.94745,187933,12949,38,6,1
spec17-623.xalancbmk-s2.trace.xz,nopref,0.48621,488528,488528,0,0,1
spec17-623.xalancbmk-s2.trace.xz,spp,0.67481,913789,49662,0,4,1
spec17-623.xalancbmk-s2.trace.xz,bingo,0.81238,531252,32024,0,0,1
spec17-623.xalancbmk-s2.trace.xz,mlop,0.77915,508443,59170,0,0,1
spec17-623.xalancbmk-s2.trace.xz,pythia,0.75596,531246,51758,0,0,1
spec17-623.xalancbmk-s3.trace.xz,nopref,0.46562,91760,9739,60053,21968,1
spec17-623.xalancbmk-s3.trace.xz,spp,0.46638,98807,7947,57856,19902,1
spec17-623.xalancbmk-s3.trace.xz,bingo,0.46856,98047,5443,52030,11160,1
spec17-623.xalancbmk-s3.trace.xz,mlop,0.46577,116524,8360,55839,21701,1
spec17-623.xalancbmk-s3.trace.xz,pythia,0.45427,85376,5504,57475,7449,1
spec17-623.xalancbmk-s4.trace.xz,nopref,0.35007,109703,14538,83502,11663,1
spec17-623.xalancbmk-s4.trace.xz,spp,0.35129,124276,11815,82436,11264,1
spec17-623.xalancbmk-s4.trace.xz,bingo,0.35625,135333,9468,81630,9494,1
spec17-623.xalancbmk-s4.trace.xz,mlop,0.35087,172407,9945,76977,12947,1
spec17-623.xalancbmk-s4.trace.xz,pythia,0.34082,113514,8836,81036,2364,1
spec17-623.xalancbmk-s5.trace.xz,nopref,0.39545,70446,11320,50608,8518,1
spec17-623.xalancbmk-s5.trace.xz,spp,0.39551,88269,11415,53337,7627,1
spec17-623.xalancbmk-s5.trace.xz,bingo,0.40079,100318,9471,52309,5704,1
spec17-623.xalancbmk-s5.trace.xz,mlop,0.39498,142525,10802,46875,6177,1
spec17-623.xalancbmk-s5.trace.xz,pythia,0.37864,81251,8451,52675,1263,1
spec17-649.fotonik3d-s0.trace.xz,nopref,0.40031,1270451,808950,0,461501,1
spec17-649.fotonik3d-s0.trace.xz,spp,0.53179,972132,236047,0,4190,1
spec17-649.fotonik3d-s0.trace.xz,bingo,0.54483,1334013,298781,0,331914,1
spec17-649.fotonik3d-s0.trace.xz,mlop,0.58278,1221941,158803,0,66668,1
spec17-649.fotonik3d-s0.trace.xz,pythia,0.54575,1724135,296820,0,458213,1
spec17-649.fotonik3d-s1.trace.xz,nopref,0.5456,876239,438454,0,437785,1
spec17-649.fotonik3d-s1.trace.xz,spp,1.15621,440235,11836,5,278,1
spec17-649.fotonik3d-s1.trace.xz,bingo,1.21888,819094,14146,0,380517,1
spec17-649.fotonik3d-s1.trace.xz,mlop,1.26158,620820,7066,0,181998,1
spec17-649.fotonik3d-s1.trace.xz,pythia,1.19613,876282,7125,0,437521,1
spec17-649.fotonik3d-s2.trace.xz,nopref,0.5431,2736,0,2736,0,1
spec17-649.fotonik3d-s2.trace.xz,spp,0.5431,2736,0,2736,0,1
spec17-649.fotonik3d-s2.trace.xz,bingo,0.5431,2736,0,2736,0,1
spec17-649.fotonik3d-s2.trace.xz,mlop,0.5431,2736,0,2736,0,1
spec17-649.fotonik3d-s2.trace.xz,pythia,0.5431,2736,0,2736,0,1
spec17-649.fotonik3d-s3.trace.xz,nopref,0.50282,1074904,818652,0,256252,1
spec17-649.fotonik3d-s3.trace.xz,spp,1.27181,870371,21939,0,382,1
spec17-649.fotonik3d-s3.trace.xz,bingo,1.34297,1126826,32269,0,257885,1
spec17-649.fotonik3d-s3.trace.xz,mlop,1.41676,878482,14385,0,7524,1
spec17-649.fotonik3d-s3.trace.xz,pythia,1.36512,1126893,15536,0,258529,1
spec17-649.fotonik3d-s4.trace.xz,nopref,0.54412,875979,438451,0,437528,1
spec17-649.fotonik3d-s4.trace.xz,spp,1.15698,439832,11697,1,267,1
spec17-649.fotonik3d-s4.trace.xz,bingo,1.21844,830200,14285,0,391447,1
spec17-649.fotonik3d-s4.trace.xz,mlop,1.26059,627561,7072,0,188797,1
spec17-649.fotonik3d-s4.trace.xz,pythia,1.19695,876191,7137,0,437433,1
spec17-654.roms-s0.trace.xz,nopref,0.45803,573946,297098,153732,123116,1
spec17-654.roms-s0.trace.xz,spp,0.63159,595010,15459,153732,125564,1
spec17-654.roms-s0.trace.xz,bingo,0.61596,621508,24994,153732,128460,1
spec17-654.roms-s0.trace.xz,mlop,0.63971,619365,9575,153714,127996,1
spec17-654.roms-s0.trace.xz,pythia,0.62927,590624,9468,153730,124858,1
spec17-654.roms-s1.trace.xz,nopref,0.97646,1552,1416,136,0,1
spec17-654.roms-s1.trace.xz,spp,0.97646,1552,1416,136,0,1
spec17-654.roms-s1.trace.xz,bingo,0.97646,1552,1416,136,0,1
spec17-654.roms-s1.trace.xz,mlop,0.97853,2870,130,136,0,1
spec17-654.roms-s1.trace.xz,pythia,0.97745,4168,632,136,0,1
spec17-654.roms-s2.trace.xz,nopref,0.39994,1415302,734584,344385,336333,1
spec17-654.roms-s2.trace.xz,spp,0.87316,1464500,33867,344382,337464,1
spec17-654.roms-s2.trace.xz,bingo,0.81363,1522553,52373,344384,337227,1
spec17-654.roms-s2.trace.xz,mlop,0.88931,1510168,22873,344384,336688,1
spec17-654.roms-s2.trace.xz,pythia,0.87749,1447130,20219,344381,336257,1
spec17-654.roms-s3.trace.xz,nopref,0.29161,2137844,1124421,498458,514965,1
spec17-654.roms-s3.trace.xz,spp,0.70398,2083084,70343,498452,386762,1
spec17-654.roms-s3.trace.xz,bingo,0.64651,2251738,122458,498457,458074,1
spec17-654.roms-s3.trace.xz,mlop,0.7511,2224195,40465,498439,445788,1
spec17-654.roms-s3.trace.xz,pythia,0.66191,2198871,37435,498427,518486,1
spec17-654.roms-s4.trace.xz,nopref,0.55718,277214,131827,88505,56882,1
spec17-654.roms-s4.trace.xz,spp,0.69513,271159,8444,88500,40363,1
spec17-654.roms-s4.trace.xz,bingo,0.67881,295380,16126,88505,58002,1
spec17-654.roms-s4.trace.xz,mlop,0.69776,298533,4928,88483,58358,1
spec17-654.roms-s4.trace.xz,pythia,0.69694,284773,5158,88504,57294,1
spec17-654.roms-s5.trace.xz,nopref,0.98508,315966,106187,119322,90457,1
spec17-654.roms-s5.trace.xz,spp,1.25,431422,6494,170126,126810,1
spec17-654.roms-s5.trace.xz,bingo,1.24663,436072,8519,161773,121930,1
spec17-654.roms-s5.trace.xz,mlop,1.21266,434359,12522,166069,125940,1
spec17-654.roms-s5.trace.xz,pythia,1.29026,327076,3695,120500,91804,1
spec17-654.roms-s6.trace.xz,nopref,0.65585,551650,541275,5170,5205,1
spec17-654.roms-s6.trace.xz,spp,1.07248,594152,29878,4552,4768,1
spec17-654.roms-s6.trace.xz,bingo,1.0129,715543,45062,4430,4494,1
spec17-654.roms-s6.trace.xz,mlop,1.10128,667473,24309,4094,4246,1
spec17-654.roms-s6.trace.xz,pythia,1.13492,595644,18319,4716,5209,1
spec17-654.roms-s7.trace.xz,nopref,0.37446,1508905,942741,268382,297782,1
spec17-654.roms-s7.trace.xz,spp,0.88585,1482846,46347,268381,210190,1
spec17-654.roms-s7.trace.xz,bingo,0.81846,1625861,84550,268379,281571,1
spec17-654.roms-s7.trace.xz,mlop,0.88798,1598445,49634,268363,263573,1
spec17-654.roms-s7.trace.xz,pythia,0.84545,1556115,29559,268380,296680,1
spec17-654.roms-s8.trace.xz,nopref,0.9782,10487,6300,4187,0,1
spec17-654.roms-s8.trace.xz,spp,0.98606,10940,291,4187,0,1
spec17-654.roms-s8.trace.xz,bingo,0.98214,11147,3087,4187,0,1
spec17-654.roms-s8.trace.xz,mlop,0.98671,11556,217,4187,0,1
spec17-654.roms-s8.trace.xz,pythia,0.98666,10792,220,4187,0,1
